{
    "produtos": [
      {"nome": "Produto A", "preco": 10, "descricao": "descricao Produto A", "categoria": "categoria A"},
      {"nome": "Produto B", "preco": 20, "descricao": "descricao Produto B", "categoria": "categoria B"},
      {"nome": "Produto C", "preco": 30, "descricao": "descricao Produto C", "categoria": "categoria C"},
      {"nome": "Produto D", "preco": 40, "descricao": "descricao Produto D", "categoria": "categoria D"},
      {"nome": "Produto E", "preco": 50, "descricao": "descricao Produto E", "categoria": "categoria E"}
    ]
  }
  