[
    {
        "id": 1,
        "nome": "gabriel",
        "numero": "(11)11111-1111"
    },
    {
        "id": 2,
        "nome": "gustavo",
        "numero": "(22)22222-2222"
    },
    {
        "id": 3,
        "nome": "vinicius",
        "numero": "(33)33333-3333"
    },
    {
        "id": 4,
        "nome": "biel",
        "numero": "(44)4444-4444"
    },
    {
        "id": 5,
        "nome": "richard",
        "numero": "(55)55555-5555"
    },
    {
        "id": 6,
        "nome": "victor",
        "numero": "(66)66666-6666"
    },
    {
        "id": 7,
        "nome": "augusto",
        "numero": "(77)77777-7777"
    },
    {
        "id": 8,
        "nome": "gian",
        "numero": "(88)88888-8888"
    },
    {
        "id": 9,
        "nome": "tiago",
        "numero": "(99)99999-9999"
    },
    {
        "id": 10,
        "nome": "lucas",
        "numero": "(00)00000-0000"
    },
    {
        "id": 11,
        "nome": "teste",
        "numero": "(11)11111-1111"
    }
]